<?xml version="1.0" encoding="UTF-8"?>
<Module name="top" Register="135" Alu="4" Lut="264" T_Register="4822(135)" T_Alu="277(4)" T_Lut="5956(264)" T_Bsram="20(0)">
 <SubModule name="Gowin_PLL_m0"/>
 <SubModule name="i2c_config_m0" Register="13" Lut="24" T_Register="124(13)" T_Alu="15(0)" T_Lut="791(24)">
  <SubModule name="i2c_master_top_m0" Register="17" Lut="625" T_Register="111(17)" T_Alu="15(0)" T_Lut="767(625)">
   <SubModule name="byte_controller" Register="23" Lut="49" T_Register="94(23)" T_Alu="15(0)" T_Lut="142(49)">
    <SubModule name="bit_controller" Register="71" Alu="15" Lut="93" T_Register="71(71)" T_Alu="15(15)" T_Lut="93(93)"/>
   </SubModule>
  </SubModule>
 </SubModule>
 <SubModule name="i2c_config_m1" Register="13" Lut="27" T_Register="124(13)" T_Alu="15(0)" T_Lut="792(27)">
  <SubModule name="i2c_master_top_m0" Register="17" Lut="615" T_Register="111(17)" T_Alu="15(0)" T_Lut="765(615)">
   <SubModule name="byte_controller" Register="23" Lut="49" T_Register="94(23)" T_Alu="15(0)" T_Lut="150(49)">
    <SubModule name="bit_controller" Register="71" Alu="15" Lut="101" T_Register="71(71)" T_Alu="15(15)" T_Lut="101(101)"/>
   </SubModule>
  </SubModule>
 </SubModule>
 <SubModule name="i2c_config_m2" Register="13" Lut="28" T_Register="124(13)" T_Alu="15(0)" T_Lut="804(28)">
  <SubModule name="i2c_master_top_m0" Register="17" Lut="636" T_Register="111(17)" T_Alu="15(0)" T_Lut="776(636)">
   <SubModule name="byte_controller" Register="23" Lut="48" T_Register="94(23)" T_Alu="15(0)" T_Lut="140(48)">
    <SubModule name="bit_controller" Register="71" Alu="15" Lut="92" T_Register="71(71)" T_Alu="15(15)" T_Lut="92(92)"/>
   </SubModule>
  </SubModule>
 </SubModule>
 <SubModule name="cmos_8_16bit_m0" Register="28" Lut="3" T_Register="28(28)" T_Lut="3(3)"/>
 <SubModule name="cmos_8_16bit_m1" Register="27" Lut="3" T_Register="27(27)" T_Lut="3(3)"/>
 <SubModule name="vga_timing_m0" Register="28" Lut="57" T_Register="28(28)" T_Lut="57(57)"/>
 <SubModule name="Video_Frame_Buffer_Top_inst" Register="336" Alu="34" Lut="727" Bsram="8" T_Register="336(336)" T_Alu="34(34)" T_Lut="727(727)" T_Bsram="8(8)"/>
 <SubModule name="u_ddr3" Register="3823" Alu="125" Lut="2286" Bsram="12" T_Register="3823(3823)" T_Alu="125(125)" T_Lut="2286(2286)" T_Bsram="12(12)"/>
 <SubModule name="u_tmds_pll"/>
 <SubModule name="DVI_TX_Top_inst0" Register="73" Alu="69" Lut="229" T_Register="73(73)" T_Alu="69(69)" T_Lut="229(229)"/>
</Module>
