{
 "Device" : "GW5AT-60B",
 "Files" : [
  {
   "Path" : "D:/Gowin Project/TangMega-60K-example-main/cam_dvi_5/src/RGB cvtcolor.v",
   "Type" : "verilog"
  },
  {
   "Path" : "D:/Gowin Project/TangMega-60K-example-main/cam_dvi_5/src/cmos_8_16bit.v",
   "Type" : "verilog"
  },
  {
   "Path" : "D:/Gowin Project/TangMega-60K-example-main/cam_dvi_5/src/data_sync.v",
   "Type" : "verilog"
  },
  {
   "Path" : "D:/Gowin Project/TangMega-60K-example-main/cam_dvi_5/src/ddr3_memory_interface/DDR3MI_400M.v",
   "Type" : "verilog"
  },
  {
   "Path" : "D:/Gowin Project/TangMega-60K-example-main/cam_dvi_5/src/distort_map_merge.v",
   "Type" : "verilog"
  },
  {
   "Path" : "D:/Gowin Project/TangMega-60K-example-main/cam_dvi_5/src/dvi_tx/DVI_TX_Top.v",
   "Type" : "verilog"
  },
  {
   "Path" : "D:/Gowin Project/TangMega-60K-example-main/cam_dvi_5/src/fifo_top/video_fifo.v",
   "Type" : "verilog"
  },
  {
   "Path" : "D:/Gowin Project/TangMega-60K-example-main/cam_dvi_5/src/gowin_pll/DDR_PLL_60K.v",
   "Type" : "verilog"
  },
  {
   "Path" : "D:/Gowin Project/TangMega-60K-example-main/cam_dvi_5/src/gowin_pll/TMDS_PLL_60HZ.v",
   "Type" : "verilog"
  },
  {
   "Path" : "D:/Gowin Project/TangMega-60K-example-main/cam_dvi_5/src/i2c_master/i2c_config.v",
   "Type" : "verilog"
  },
  {
   "Path" : "D:/Gowin Project/TangMega-60K-example-main/cam_dvi_5/src/i2c_master/i2c_master_bit_ctrl.v",
   "Type" : "verilog"
  },
  {
   "Path" : "D:/Gowin Project/TangMega-60K-example-main/cam_dvi_5/src/i2c_master/i2c_master_byte_ctrl.v",
   "Type" : "verilog"
  },
  {
   "Path" : "D:/Gowin Project/TangMega-60K-example-main/cam_dvi_5/src/i2c_master/i2c_master_defines.v",
   "Type" : "verilog"
  },
  {
   "Path" : "D:/Gowin Project/TangMega-60K-example-main/cam_dvi_5/src/i2c_master/i2c_master_top.v",
   "Type" : "verilog"
  },
  {
   "Path" : "D:/Gowin Project/TangMega-60K-example-main/cam_dvi_5/src/i2c_master/timescale.v",
   "Type" : "verilog"
  },
  {
   "Path" : "D:/Gowin Project/TangMega-60K-example-main/cam_dvi_5/src/lut_ov5640_rgb565_1280_720.v",
   "Type" : "verilog"
  },
  {
   "Path" : "D:/Gowin Project/TangMega-60K-example-main/cam_dvi_5/src/nearest_neighbor.v",
   "Type" : "verilog"
  },
  {
   "Path" : "D:/Gowin Project/TangMega-60K-example-main/cam_dvi_5/src/param.vh",
   "Type" : "verilog"
  },
  {
   "Path" : "D:/Gowin Project/TangMega-60K-example-main/cam_dvi_5/src/pll_mDRP_intf.v",
   "Type" : "verilog"
  },
  {
   "Path" : "D:/Gowin Project/TangMega-60K-example-main/cam_dvi_5/src/syn_gen.v",
   "Type" : "verilog"
  },
  {
   "Path" : "D:/Gowin Project/TangMega-60K-example-main/cam_dvi_5/src/testpattern.v",
   "Type" : "verilog"
  },
  {
   "Path" : "D:/Gowin Project/TangMega-60K-example-main/cam_dvi_5/src/top.v",
   "Type" : "verilog"
  },
  {
   "Path" : "D:/Gowin Project/TangMega-60K-example-main/cam_dvi_5/src/vga_timing.v",
   "Type" : "verilog"
  },
  {
   "Path" : "D:/Gowin Project/TangMega-60K-example-main/cam_dvi_5/src/video_frame_buffer/Video_Frame_Buffer_Top.v",
   "Type" : "verilog"
  },
  {
   "Path" : "D:/Gowin Project/TangMega-60K-example-main/cam_dvi_5/src/video_timing_check.v",
   "Type" : "verilog"
  },
  {
   "Path" : "D:/Gowin Project/TangMega-60K-example-main/cam_dvi_5/src/window_control.v",
   "Type" : "verilog"
  }
 ],
 "IncludePath" : [

 ],
 "LoopLimit" : 2000,
 "ResultFile" : "D:/Gowin Project/TangMega-60K-example-main/cam_dvi_5/impl/temp/rtl_parser.result",
 "Top" : "top",
 "VerilogStd" : "verilog_2001",
 "VhdlStd" : "vhdl_93"
}